Name,VD,CL,IonState,LogD
?-hANP,0.2,25.4,cationic,-9
(-)dOTC,1.18,3,neutral,-1.9
(+)dOTC,0.84,3.9,neutral,-1.9
"1,3-DCQA",0.79,8.7,anionic,-1.6
16-acetyl gitoxin,0.78,0.18,neutral,0.93
1-Aminocyclopropanecarboxylic Acid,0.73,1.5,zwitterionic,-2.4
"3,4-DCQA",0.63,34.58,anionic,-1
"3,5-DCQA",4.82,75.81,anionic,-1.1
3-O-demethylfortimicin A,0.27,1.37,cationic,-8.2
5-Hydroxymethyl tolterodine,2.41,,cationic,0.67
852A,3.1,7.7,cationic,1.8
Abacavir,0.84,13,neutral,0.99
Abanoquil,6.3,14,cationic,1.2
Abexinostat,2.6,16.33,neutral,1.7
ABP-700,,50.08,neutral,2
Acamprosate,0.3,3.75,anionic,-5.2
Acarbose,0.32,2.2,neutral,-9
Acebutolol,1.7,10,cationic,-0.23
Acecainide (N-acetylprocainamide),1.9,4,cationic,-0.26
Acenocoumarol,0.24,1.28,anionic,0.12
Acetaminophen,1,5,neutral,0.76
Acetazolamide,0.37,0.65,neutral,-1.6
"Acetylcysteine, N-",0.55,3.1,anionic,-3.8
"Acetylmethadol, L-",8.3,5.4,cationic,3.2
Acetylsalicylic Acid,0.22,12,anionic,-1.7
ACHT 4-10,50,871,zwitterionic,-4.5
Acivicin,0.5,0.69,zwitterionic,-2.7
Aclidinium bromide,4.3,48.5,neutral,1.7
Actisomide,0.58,6.79,cationic,2.6
Acyclovir,0.71,4.7,neutral,-1.8
Adefovir,0.42,3.7,anionic,-6.8
Adinazolam,0.98,6.2,neutral,1.3
AFN-1252,0.43,0.9,neutral,2.1
AG-EE-388 ZW,0.28,2.04,anionic,2.4
Ajmaline,4,9.8,cationic,1.5
Albuterol (salbutamol),1.9,7.8,cationic,-1.5
Alcuronium,0.32,1.3,neutral,-4.8
Alectinib,6.35,7.69,cationic,4.9
Alendronate,0.33,2.6,anionic,-8.1
Alfacalcidol,,0.82,neutral,7.3
Alfentanil,0.45,3.9,neutral,2.7
Alfuzosin,1.5,5.9,cationic,1.8
Alinidine,2.72,12,cationic,1.7
Alizapride,1.6,6.6,cationic,0.91
Allopurinol,0.58,202,neutral,-1.4
Almitrine,35.37,0.97,neutral,6
Almokalant,1.8,11.3,cationic,1.4
Almorexant,9.75,10.2,neutral,5.5
Almotriptan,2.2,8.9,cationic,0.63
Alosetron,1.1,8.7,neutral,1.4
Alpiropride,2.3,5.47,cationic,-0.1
Alprazolam,0.8,0.74,neutral,1.9
Alprenolol,3.2,15,cationic,0.64
Alprostadil,2.4,45.4,anionic,0.93
Alvimopan,0.43,5.84,zwitterionic,0.28
Amantadine,6.6,4.8,cationic,-0.43
Amdinocillin,0.37,6.3,zwitterionic,0.068
Amezinium,4,5.1,neutral,-0.75
Amifloxacin,,4.56,cationic,0.2
Amifostine,0.09,30.65,cationic,-3.8
Amikacin,0.16,1.1,cationic,-9
"Aminocamptothecin, 9-",2.2,6.5,neutral,1.1
"Aminohexanoic acid, 6-",0.39,2.5,zwitterionic,-2.1
Aminolevulinic acid,0.12,1.88,zwitterionic,-2.8
"Aminosalicylic acid, 5-",0.33,5505,anionic,-2.6
Amiodarone ,60,1.9,cationic,6.2
Amiprilose,1.04,3.48,cationic,-2.4
Amitriptyline,8.7,6.1,cationic,3.3
Amlodipine,17,7,cationic,0.44
Amodiaquine,17.4,217,cationic,2
Amonafide,7.33,19.32,neutral,1.3
Amoxicillin,0.25,3.3,zwitterionic,-1.3
AMP579,0.84,12,neutral,2.6
Amphetamine (-d),6.1,9.7,cationic,-0.64
Amphotericin B,0.62,0.17,zwitterionic,0.41
Ampicillin,0.22,2.8,zwitterionic,-0.85
Amrinone,1.3,8.9,neutral,-0.73
Amsacrine,1.6,4.3,cationic,0.85
Amsalog,0.3,2.6,cationic,0.63
Amygdalin,0.21,1.88,neutral,-3.8
Anhydrovinblastine,12,12,cationic,4.5
Anidulafungin,0.57,0.21,neutral,1.6
Antazoline,3.9,19.67,cationic,0.28
Antipyrine,0.77,0.64,neutral,0.19
Antofloxacin,2.42,2.2,zwitterionic,-0.73
Apalcillin,0.16,1.9,anionic,-1.6
Apixaban,0.3,0.8,neutral,2.5
Apomorphine,1.6,40,cationic,2.1
Apremilast,,2.38,neutral,1.2
Aprepitant,0.94,1,neutral,4.1
AR-709,5.06,7.49,neutral,3.3
Arbekacin,0.21,1.28,cationic,-9
Argatroban,0.17,5,zwitterionic,-0.84
Aripiprazole,4.9,0.83,cationic,4.7
Artesunate,15,1070,neutral,2.9
Articaine,7.7,126.7,cationic,1.2
Asarone,1,8.8,neutral,2.7
Ascorbic acid,0.35,1.05,anionic,-5.5
Asenapine,23,12.4,cationic,3.1
Aspoxicillin,0.27,2.82,anionic,-3.8
Astragaloside IV,0.12,0.74,neutral,-0.048
Astromicin,0.23,1.37,cationic,-7.7
Asunaprevir,2.77,11.78,anionic,2.4
Atenolol,0.95,2.5,cationic,-1.4
Atipamizole,2.7,19.6,neutral,2.4
Atomoxetine,0.85,9.3,cationic,1.5
Atovaquone,0.6,0.15,anionic,3.4
Atracurium,0.1,5.7,neutral,1.7
Atropine,3.3,7.6,cationic,0.6
Avarofloxacin,1.13,0.78,zwitterionic,0.44
Avibactam,0.24,2.76,neutral,-5.6
Avitriptan,0.87,6.44,cationic,1.4
Avosentan,0.27,0.52,anionic,0.026
Axitinib,,5,neutral,4
Azacytidine,0.47,35,neutral,-3
Azapropazone,0.12,0.14,anionic,0.098
AZD4877,6.74,5.83,cationic,1.1
Azelastine,15,9,cationic,2.4
Azimilide,13,2.4,cationic,2.2
Azithromycin,33,10,cationic,-0.18
Azlocillin,0.26,2.5,anionic,-2.5
Aztreonam,0.18,1017,anionic,-6.2
Baclofen,0.65,1.7,zwitterionic,-1.2
Bambuterol,1.6,18,cationic,-0.27
Basimglurant,9.7,2.8,neutral,4
Batanopride,1.5,9.32,cationic,0.15
Batifiban,0.42,2.88,zwitterionic,-6
Bazedoxifene,15.4,6.7,cationic,5.5
BB 83698,1.1,3.1,neutral,2.1
Becatecarin,8.9,3.13,cationic,2.5
Beclabuvir,0.5,1.33,zwitterionic,0.74
Beclomethasone dipropionate,0.29,36,neutral,4
Belinostat,0.8,23.6,neutral,1.4
Bendamustine,0.22,4.49,zwitterionic,0.65
Benperidol,3.8,8.3,cationic,2.9
Benzydamine,1.53,2.28,cationic,0.76
Bepridil,10.1,8.7,cationic,4.9
Berubicin,48,18.5,cationic,-0.07
Betamethasone,1.3,2.8,neutral,1.7
Betamipron,0.28,9.2,anionic,-2.5
Betaxolol,4.8,3.4,cationic,0.81
Bevantolol,0.67,5.5,cationic,1.9
BI2536,31.2,17.1,cationic,2.8
Biapenem,0.2,2.5,anionic,-5.4
Bidisomide,2.6,5.43,cationic,1.8
Bilastine,0.61,2.87,zwitterionic,1.3
Bilobalide,2.5,10,neutral,-3.4
Bimatoprost,0.67,25,neutral,3.3
Binodenoson,0.4,35.8,cationic,-0.18
Biolimus A9,44.5,12.2,neutral,6.7
Biperiden,12,12,cationic,2.5
Biricodar,1.34,8.5,neutral,5.4
Bisaramil,9,17,cationic,1.8
Bisoprolol,2.4,3.7,cationic,0.46
Bivalirudin,0.27,8.1,anionic,-9
Bizelesin,0.05,0.5,neutral,5.9
Bleomycin,0.43,1.26,cationic,-9
BLP1654,0.24,1.6,zwitterionic,-2.3
BMS-214662,0.84,9.6,neutral,3.5
Bortezomib,10,19,neutral,0.8
Bosentan,0.29,2.1,anionic,0.76
Brexpiprazole,1.46,0.34,cationic,2.6
Brivaracetam,0.56,0.75,neutral,0.82
Bromazepam,0.85,0.51,neutral,2
Bromfenac,0.11,1.3,anionic,0.33
Bromopride,3.1,13,cationic,0.44
Bromotetrandrine,51,9.6,cationic,7.2
Brostallicin,0.36,5.15,neutral,1.9
Brotizolam,0.75,2,neutral,2.7
Budesonide,3.9,20,neutral,3
Buflomedil,1.3,5.6,cationic,0.52
Bufuralol,1.7,8.9,cationic,1.7
Bumecaine,1.73,19.19,cationic,3.3
Bumetanide,0.16,2.5,anionic,0.56
Bunazosin,0.72,4.8,neutral,2.6
Bupivacaine,0.84,4.3,cationic,3.4
Buprenorphine,4.9,19,cationic,3.1
Busulphan,0.55,2.4,neutral,-0.72
Buthionine sulfoximine,0.26,2.28,zwitterionic,-2.5
Butorphanol,12,41,cationic,2.1
Butylbiguanide,1.84,6.58,cationic,-4.1
Cabazitaxel,48,11,neutral,4
Caderofloxacin,1.1,2.7,zwitterionic,-0.28
Caffeine,0.63,1.4,neutral,0.078
Calcitonin,0.23,10,cationic,-9
Calcitriol,0.25,0.31,neutral,6
Canagliflozin,1.19,2.74,neutral,3.3
Candesartan,0.13,0.37,anionic,-0.31
Candoxatrilat,0.25,2.3,anionic,-3.6
Cangrelor,0.035,9.06,anionic,-8.6
Cannabidiol,6.69,13.55,neutral,7.4
Cannabinol,16.98,17.85,neutral,6.7
Captopril,0.75,12,anionic,-2.2
Carbazeran,0.67,37.6,neutral,2.3
Carbenicillin,0.17,1.9,anionic,-5.4
Carboplatin,0.26,1.5,n/a,n/a
Carebastine,0.41,0.4,zwitterionic,3
Carfilzomib,0.13,39.5,neutral,4.9
Carmustine (BCNU),1.2,78,neutral,1.4
Carnitine_L,0.4,1.6,anionic,-4
Carocainide,0.8,3.2,cationic,0.3
Carprofen,0.22,0.51,anionic,0.95
Carteolol,,10.1,cationic,-0.6
Carumonam,0.18,1.5,anionic,-8
Carvedilol,1.3,7.8,cationic,2.9
Carzelesin,0.09,2.9,neutral,7.7
Casopitant,2.77,578,neutral,5.4
Caspofungin,0.13,0.14,cationic,-6.3
CB 10-277,0.25,1.3,anionic,-0.32
CDK-712,1.09,156,cationic,2.6
Cefadroxil,0.23,2.5,zwitterionic,-2.1
Cefamandole,0.16,3.6,anionic,-3.4
Cefatrizine,0.22,3.3,anionic,-4.7
Cefazedone,0.13,0.95,anionic,-2.3
Cefazolin,0.12,0.89,anionic,-4.2
Cefbuperazone,0.19,1.1,anionic,-5.4
Cefcanel,0.13,2.6,anionic,-2.2
Cefclidin,0.27,1.7,anionic,-4.6
Cefepime,0.28,2.2,anionic,-2.7
Cefetamet,0.28,1.9,anionic,-2.6
Cefixime,0.24,1,anionic,-6.7
Cefmenoxime,0.2,3.65,anionic,-3.2
Cefmetazole,0.13,1.5,anionic,-4.3
Cefodizime,0.054,0.61,anionic,-4.9
Cefonicid,0.14,0.38,anionic,-6.7
Cefoperazone,0.17,1.3,anionic,-4.3
Ceforanide,0.17,0.66,anionic,-4.7
Cefoselis,0.3,1.77,anionic,-4.2
Cefotaxime,0.19,2.7,anionic,-3.1
Cefotetan,0.13,0.42,anionic,-7.1
Cefotiam,0.26,5.8,zwitterionic,-4.3
Cefoxitin,0.17,3.6,anionic,-3.8
Cefozopran,0.24,2.1,anionic,-4.8
Cefpimizole,0.21,1.7,anionic,-9
Cefpiramide,0.15,0.48,anionic,-3.9
Cefpirome,0.24,1.9,anionic,-1.6
Cefprozil,0.21,2.9,zwitterionic,-1.8
Cefroxadin,0.17,4.78,zwitterionic,-3.5
Cefsulodin,0.29,1.96,anionic,-6.1
Ceftaroline fosamil,0.53,83.6,anionic,-7.1
Ceftazidime,0.31,2.4,anionic,-4.1
Ceftezole,,5.37,anionic,-4.8
Ceftizoxime,0.2,2.1,anionic,-3.2
Ceftobiprole,0.27,1.5,zwitterionic,-4
Ceftolozane,0.17,1.16,zwitterionic,-9
Ceftriaxone,0.12,0.22,anionic,-8.4
Cefuroxime,0.15,2.2,anionic,-3.2
Cefuzonam,0.2,4.1,anionic,-2.5
CEP-18770,0.87,0.29,neutral,1.9
Cephacetrile,0.49,3.69,anionic,-4.5
Cephalexin,0.21,3.9,zwitterionic,-1.6
Cephaloridine,0.46,3.3,anionic,-0.53
Cephalothin,0.07,1.8,anionic,-2.9
Cephapirin,0.13,2.7,anionic,-3.6
Cephradine,0.21,3.3,zwitterionic,-2
Cerivastatin,0.33,2.9,anionic,1.1
Cetrorelix,0.39,1.2,cationic,-2.4
CG200745,0.45,1.82,cationic,0.86
CGP15720A,0.35,1.67,zwitterionic,-0.84
CGP31608,0.23,7.67,zwitterionic,-4.7
CGP36742,,1.56,zwitterionic,-1.6
Chenodeoxycholic acid,0.19,5.7,anionic,2
Chlorambucil,0.26,2.8,anionic,1.2
Chloramphenicol,0.94,2.4,neutral,0.54
Chlorazepate,0.2,1.1,anionic,-0.91
Chlordiazepoxide,0.25,0.37,neutral,1.4
Chlormethiazole,6.6,33,neutral,1.9
"Chlorophenylpiperazine, m-",2.5,6.1,cationic,0.61
Chloroquine,140,4.1,cationic,2
Chlorpheniramine,3.3,2.5,cationic,1.4
Chlorpromazine,10,16,cationic,3.6
Chlorpropamide,0.19,0.045,anionic,-0.29
Chlorprothixene,13.7,11.5,cationic,4.2
Chlortetracycline,0.9,2,anionic,-3.1
Chlorthalidone,3.9,1.5,neutral,0.84
Cibenzoline,4.1,8.6,cationic,-0.64
Cicaprost,0.08,3.8,anionic,-0.63
Ciclesonide,2.9,33.3,neutral,4.8
Ciclotropium,1.25,8.41,neutral,1.6
Cidofovir,0.49,2.5,anionic,-8.4
Cilastatin,0.15,2.3,anionic,-4.6
Cilazaprilat,3.7,2.1,anionic,-5.4
Cilengitide,0.26,1.18,zwitterionic,-3.7
Cilomilast,0.23,0.5,anionic,0.89
Cimetidine,1.2,8.1,neutral,-0.29
Cimetropium,1.12,25,neutral,-2.8
Cinacalcet ,17.6,18.3,cationic,5.1
Cinaciguat,0.24,9,anionic,2.5
Ciprofloxacin,2.1,8.3,zwitterionic,-0.63
Ciramadol,,2.2,cationic,2.1
Cisapride,1.2,1.5,cationic,3
Cisatracurium,0.14,5.4,neutral,1.7
Citalopram,12,4.3,cationic,2
Cladribine,7.7,14,neutral,-0.56
Clarithromycin,1.5,7.3,cationic,1
Clavulanic Acid,0.22,3.1,anionic,-4.6
Clazosentan,0.23,10.5,anionic,-2.3
Clentiazem,9.7,13.7,cationic,3.5
Clevidipine,10000,142,neutral,4.4
Clinafloxacin,1.9,4.7,zwitterionic,0.29
Clindamycin,0.79,4.5,cationic,0.96
Clodronate,0.88,1.6,anionic,-7.5
Clofarabine,1.75,7.7,neutral,-0.77
Clomipramine,13,8.2,cationic,3.4
Clonazepam,2.9,0.88,neutral,2.7
Clonidine,3.3,4,cationic,0.84
Clopidogrel,2.01,23.65,neutral,3.3
Clozapine,1.6,2.5,cationic,4.1
Cobimetinib,15.4,2.8,cationic,3
Cocaethylene,1.6,13,cationic,2.4
Cocaine,2,32,cationic,1.9
Codeine,3.5,15,cationic,0.29
Colchicine,6.1,2.1,neutral,1.1
Combretastatin A4 Phosphate,0.11,5.86,anionic,-0.95
Conivaptan,0.76,3,cationic,5
Copanlisib,10.34,6.42,cationic,-1.1
Cositecan,3.26,4.2,neutral,4.5
Cotinine,1.1,0.89,neutral,-0.33
Coumarin,1.1,23.6,neutral,1.6
CP-4055,0.14,4.53,neutral,5
CP-65207,0.21,5.1,anionic,-4.7
CPW 86-363,0.22,1.83,anionic,-7.5
Crizotinib,22.15,9.75,cationic,2.3
CUDC-101,0.56,11.99,neutral,4.3
Cyanamide,0.78,17,cationic,-0.82
Cyclizine,16.5,14.5,cationic,2.4
Cyclopentenyl cytosine,,3.61,neutral,-2.9
Cyclophosphamide,0.73,1.1,neutral,0.55
Cyclosporine,3.3,7.5,neutral,6.6
CYT997,3.41,22.2,neutral,4.3
Cytarabine,0.67,41.67,neutral,-3
Dabigatran,0.85,1.93,zwitterionic,-1.1
Dabrafenib,0.65,2.86,neutral,5.2
Dacarbazine,1.2,2.6,neutral,-0.12
Dacinostat,2.17,7.6,cationic,1.5
Daclatasvir,0.67,1,neutral,5.2
Dalbavancin,0.14,0.01,zwitterionic,0.73
Dalfampridine,2.6,9.3,cationic,-1.4
Dalfopristin,0.39,16,neutral,0.6
Danazol,5.18,15.71,neutral,3.7
Danoprevir,0.22,11.53,anionic,1.4
Dantrolene,0.37,0.43,anionic,1
Danusertib,2.5,6.1,cationic,0.62
Dapagliflozin,1.7,3,neutral,2.3
Dapsone,0.83,0.48,neutral,0.97
Daptomycin,0.088,0.16,anionic,-9
Darapladib,11.9,4.11,cationic,5.1
Darifenacin,2.6,12,cationic,2.5
Darunavir,,7.81,neutral,2.8
Dasabuvir,2.13,,neutral,0.75
Daunorubicin,32.05,47.57,cationic,-1.6
Deacetyl metipranolol,3.6,16.2,cationic,0.77
Decitabine,4.6,130,neutral,-2
Deferasirox,0.2,0.84,anionic,1.3
Deferolimus,3.2,1.1,neutral,6.4
Degarelix,0.74,0.68,cationic,0.72
Dehydroandrographolide succinate,0.13,2,anionic,-3.7
Delafloxacin,0.35,2.33,anionic,-0.0083
Delorazepam (Chlordesmethyldiazepam),2.2,0.17,neutral,3.6
Demethylchlortetracycline,1.3,1.1,anionic,-2.9
Denaverine,7.1,5.7,cationic,4.3
Deoxycytidine-5F-2',0.91,5.09,neutral,-2
Deramciclane,7.7,4.88,cationic,2.6
"Desacetylpaclitaxel, 4-; 4-methyl carbonate",6.9,8.6,neutral,2.3
Desferrioxamine,1.35,8.33,cationic,-5.8
Desipramine,15,11,cationic,1.4
Desmethyldiazepam,0.45,0.12,neutral,3
Desmopressin,0.3,1.4,cationic,-8.4
Desvenlafaxine,3.5,4.9,cationic,0.95
Dexamethasone,0.94,3.3,neutral,1.7
Dexanabinol,5.06,21.38,neutral,7.5
Dexfenfluramine,11,11,cationic,1.7
Dexloxiglumide,0.18,3.7,anionic,1
Dexmedetomidine,1.6,11,neutral,2.7
Dexmethylphenidate,2.65,6.67,cationic,0.84
Dexniguldipine,8.4,9.3,cationic,5.9
Dexrazoxane,0.55,3.1,neutral,-0.5
Dextromoramide,0.47,2.19,neutral,3.4
Dezocine,5.6,27.5,cationic,1.1
DHA Paclitaxel,0.068,0.025,neutral,9
Diatrizoic Acid (Amidotrizoate),0.26,1.7,anionic,-2.3
Diazepam,1,0.38,neutral,2.8
Diazoxide,0.21,0.06,neutral,1.2
Dibekacin,0.13,0.8,cationic,-8
Dichloroacetic Acid,0.19,5.3,anionic,-2.5
Diclofenac,0.22,3.5,anionic,1.1
Dicloxacillin,0.11,2,anionic,0.023
Didanosine,0.77,11,neutral,-0.95
Didemnin B,1.42,12.22,neutral,3.5
Dienogest,0.6,1.29,neutral,2.1
Diflomotecan,1.42,8.42,neutral,-0.7
Diflunisal,0.097,0.1,anionic,0.31
Digitoxin,0.44,0.043,neutral,1.2
Digoxin,4.1,1.7,neutral,0.21
Dihydrocodeine,1.07,4.21,cationic,0.29
Dihydroergosine,4.02,12.85,cationic,3.2
Dihydroergotamine,0.33,15.07,cationic,3.3
Dihydroquinidine,2.8,4.2,cationic,1.7
Dilevalol,4.8,29,cationic,0.97
Diltiazem,4.1,13,cationic,2.7
Dimetindene,2.16,4.83,cationic,2.5
Dinaciclib,0.32,4.65,neutral,0.88
Diphenhydramine,6.5,9.8,cationic,2.3
Diprafenone,1.2,11,cationic,2
Diprophylline,0.42,4.8,neutral,-1.2
Dipyridamole,0.82,2,cationic,1.4
Disopyramide,0.52,0.9,cationic,-0.11
Distigmine,1,0.2,neutral,-5.7
Disufenton sodium,0.18,1.35,neutral,-8.5
Dixyrazine,4.06,16.27,cationic,3
Dobesilic acid,0.12,0.87,neutral,-4
Dobutamine,,115,cationic,1.7
Docetaxel,2.1,14,neutral,3
Dofetilide,3.3,5.2,cationic,1.2
Dolasetron,2,180,cationic,2.4
Domperidone,3.4,9.5,cationic,3.1
Dopamine,0.74,65.9,cationic,-2
Doripenem,0.23,3.26,zwitterionic,-3.9
Doxacurium,0.22,2.7,neutral,0.57
Doxapram,1.2,5.3,neutral,3.1
Doxazosin,1.3,1.6,neutral,2.6
Doxepin,12,14,cationic,2.8
Doxifluridine,0.28,11,neutral,-1.5
Doxofylline,1.03,6.83,neutral,-0.36
Doxorubicin,22,15,cationic,-2.2
Doxycycline,0.69,0.46,anionic,-3.3
DP-b99,1.1,14,anionic,4.4
DQ-2556,0.22,1.76,anionic,-0.63
Dronedarone,20,33.33,zwitterionic,4.7
Droperidol,1.41,8.92,cationic,0.54
Drotaverine,1.9,3.5,neutral,4.6
Duloxetine,,8.57,cationic,2.5
DX-52-1,0.23,3.06,anionic,-3.2
DX9065a,1.55,1.86,cationic,-1.3
E7107,10.1,47.9,cationic,4
E7974,1.26,0.97,anionic,1.4
Ecallantide,0.18,1.6,anionic,-9
Edaravone,0.23,1.42,neutral,2.2
Edotecarin,1.45,25.3,anionic,-2.8
Edoxaban,1.53,5.19,neutral,1.3
Edrophonium,1.1,9.6,neutral,-3.2
Eletriptan,1.6,5.3,cationic,2.2
Eliglustat,,20.95,cationic,2.4
Elinafide,12,5.7,cationic,2.9
Elisidepsin,5.55,3.85,cationic,3.4
Eltanolone,2,22,neutral,4
Eltoprazine,3.6,8,cationic,-0.46
Enalaprilat,0.38,1.6,anionic,-3.4
Enalkiren,0.11,0.45,cationic,0.16
Encainide,2.2,13,cationic,3
Endralazine,2.2,13,cationic,1.9
Enfuvirtide,0.07,0.36,anionic,-9
Eniporide,1.1,8.2,neutral,0.24
Enoxacin,2,5.4,zwitterionic,-1.1
Enoximone,1.48,19.1,neutral,1.3
Enprofylline,0.63,4,anionic,-1.4
Entacapone,0.27,12,anionic,-0.08
Epiroprim,2.5,3.5,neutral,2.9
Epirubicin,45,20,cationic,-2.2
Epothilone folate,0.09,2.46,anionic,-9
Epristeride,0.54,0.33,anionic,2.2
Eprosartan,0.17,1.9,anionic,-1.1
Eptaloprost,2.4,66.2,anionic,0.22
Eptifibatide,0.17,1.2,zwitterionic,-5.5
Eravacycline,2.3,3.71,cationic,-3.9
Ergotamine,3.6,15,neutral,3.5
Eribulin,1.46,0.75,cationic,0.36
Eritoran,0.048,0.013,anionic,1.7
Erlotinib,0.77,1.69,neutral,3.8
Ertapenem,0.12,0.45,anionic,-4.8
Erythromycin,0.95,5.6,cationic,0.47
Escin Ia,0.28,1.65,anionic,-4.5
Escin Ib,0.23,2.55,anionic,-4.5
Esmolol,1.2,290,cationic,0.18
Esomeprazole,0.2,3.85,neutral,2.2
Estradiol,1.2,30,neutral,3.7
Estramustine phosphate,0.12,0.94,anionic,1
Ethacrynic Acid,0.26,8.7,anionic,-0.46
Ethambutol,1.7,10,cationic,-2.5
Ethimizol,0.73,12.1,neutral,-0.55
Ethinylestradiol,4.3,7,neutral,3.5
Ethinylestradiol-17-Sulfate,0.61,1.3,anionic,1.8
Ethinylestradiol-3-Sulfate,2.3,4.7,neutral,-1.9
Etilefrine,2.1,14,cationic,-0.9
Etomidate,2.7,13,neutral,2.8
Etonogestrel,2.87,2,neutral,4
Etoposide,0.18,0.5,neutral,-0.43
Etoricoxib,1.5,0.79,neutral,3.5
Evacetrapib,1.82,0.84,zwitterionic,5.2
Exatecan (acid),0.44,0.96,neutral,1.7
Ezogabine,2.5,8.3,neutral,3.1
F992,0.31,0.87,cationic,-6
Falipamil,2.4,15.71,cationic,2.3
Famotidine,1.2,6.6,neutral,-1.4
Faropenem,0.18,2.23,anionic,-4.4
Fasudil,1.22,77.5,cationic,0.49
Felodipine,4.4,11,neutral,4.2
Fenoldopam,0.5,41.5,cationic,1.9
Fenoprofen,0.1,0.6,anionic,0.48
Fenoterol,1.2,29,cationic,0.7
Fenspiride,3,2.6,cationic,0.16
Fentanyl,0.89,4.7,cationic,2.8
Fimasartan,0.6,9.6,cationic,0.71
Finafloxacin,1.42,5.75,anionic,-1.9
Finasteride,1.1,2.4,neutral,3.2
Fingolimod,17.3,1.53,cationic,2.6
Flavopiridol,1.5,6.1,zwitterionic,2.4
Flecainide,6.1,4.9,cationic,1.6
Fleroxacin,1.6,2.4,zwitterionic,-0.27
Flomoxef,0.19,4.1,anionic,-4
Flucloxacillin,0.19,2.4,anionic,-0.5
Fluconazole,0.75,0.31,neutral,0.19
Flucytosine,0.68,2,neutral,-2.3
Fludarabine,2.2,3.2,neutral,-1.8
Flumazenil,0.8,16,neutral,1
Flunisolide,1.08,9.5,neutral,2.5
Flunitrazepam,1.9,1.4,neutral,2.1
Fluocortolone,0.68,7,neutral,2.3
Fluorescein,0.14,1.3,neutral,3.9
"fluorodideoxycytidine, 2- (2FddC)",0.7,6.1,neutral,-1.2
"Fluorouracil, 5-",0.23,26,neutral,-1.1
Flupentixol,,4.14,cationic,3.9
Fluphenazine,2.9,9.7,cationic,3.7
Flupirtine,1.1,1.6,cationic,2.7
Fluticasone furoate,4.95,13.4,neutral,3.7
Fluticasone propionate,3.6,17,neutral,3.3
Fluvastatin,0.42,16,anionic,-0.11
Fluvoxamine,23.5,31.95,cationic,1.2
Folic acid,9.7,52,anionic,-8.6
Folinic acid,0.25,5.8,anionic,-7.6
Fomepizole,0.35,0.73,neutral,0.72
Fondaparinux,,0.07,anionic,-9
Forodesine,,1.56,cationic,-4.3
Fosaprepitant,0.07,18.6,anionic,-3.5
Foscarnet,0.5,2.1,anionic,-7.6
Fosfluconazole,0.15,1.3,anionic,-5.1
Fosfomycin,0.32,2,anionic,-5.7
Fosinoprilat,0.13,0.32,anionic,-1
Fosphenytoin,0.06,3.5,anionic,-3.3
Fostriecin,0.086,1.2,anionic,-4.4
Fotemustin,0.62,18.5,neutral,1.5
Frovatriptan,3.6,2.5,cationic,-0.86
Fulvestrant,4.15,11.8,neutral,9
Furosemide,0.12,1.6,anionic,-1.4
Fusidate sodium,0.23,0.35,anionic,3.3
Fuzlocillin,0.2,3.61,anionic,-2
Gabapentin,0.71,1.7,zwitterionic,-1.7
Gadobenate ,0.21,1.6,n/a,n/a
Gadobutrol,0.22,2,n/a,n/a
Gadodiamide,0.2,1.79,n/a,n/a
Gadofosveset,0.15,0.1,n/a,n/a
Gadopentetate,0.27,1.94,n/a,n/a
Gadoteridol,0.2,1.5,n/a,n/a
Gadoversetamide,0.16,1.2,n/a,n/a
Gadoxetate,0.21,3.57,n/a,n/a
GAL-021,2.17,11.9,neutral,2.3
Galanthamine,2.3,5.6,cationic,1.1
Gallamine triethiodide,0.27,1.51,neutral,-7.7
Gallopamil,1.75,14.3,cationic,2.8
Gambogic acid,0.99,1.24,anionic,4.9
Ganciclovir,1,4.6,neutral,-2.6
Ganglioside GM1,0.07,0.02,anionic,-4
Ganirelix,0.21,0.63,cationic,3.4
Garenoxacin,1,1.23,zwitterionic,1.1
Gatifloxacin,1.7,2.8,zwitterionic,-0.65
Gavestinel,0.12,0.089,anionic,1.8
Gefitinib,23,12,cationic,3.9
Gemcitabine,1.5,32,neutral,-1.9
Gemifloxacin ,3.52,7.2,zwitterionic,-0.26
Genaconazole,0.62,0.19,neutral,-0.18
Gentamicin,0.33,1,cationic,-7.1
Gestodene,0.46,0.8,neutral,4.1
GHRP-6,0.42,3.1,cationic,-2.4
Ginkgolide A,0.62,2.3,neutral,-3.4
Ginkgolide B,0.91,2.3,neutral,-4.5
Ginsenoside RD,0.11,0.09,neutral,-0.39
Gisadenafil,2.4,14.3,cationic,0.26
Glibornuride,0.27,0.34,anionic,0.62
Gliclazide,0.43,0.41,anionic,0.2
Glimepiride,0.19,0.5,anionic,2.1
Glipizide,0.16,0.56,anionic,0.0081
Gludopa,0.21,4.6,anionic,-5.9
Glufosfamide,0.24,1.6,neutral,-2.3
Glyburide,0.08,0.82,anionic,2
Glyceryl 1-nitrate,0.76,3.63,neutral,-0.51
Glycopyrrolate bromide,0.37,16.8,neutral,-0.23
Glycyrrhizin,0.06,0.13,anionic,-7.5
GPX-150,15.45,15,cationic,-2.9
Granisetron,3.7,9.1,cationic,1.2
Grepafloxacin,,5.9,zwitterionic,-0.015
GSK1322322,0.75,5.6,cationic,-1.2
GSK2140944,2.7,9.23,cationic,-2.5
GSK2239633,1.65,5.1,anionic,1.2
GSK2251052,2.37,4.1,cationic,-3.7
GSK269984A,0.77,2,anionic,3.2
GSK461364,12,20,cationic,3
Guanfacine,5.6,4.5,cationic,0.17
Guanylcisteine,0.25,2.88,zwitterionic,-3.4
Haloperidol,17,7.8,cationic,3.3
Heptaminol,2.14,10.72,cationic,-1.6
Heroin,1.31,212.3,cationic,1.1
Hexobarbital,1.1,3.4,neutral,1.8
Homoharringtonine,1.8,2.96,cationic,0.17
Hydralazine,1.5,85,cationic,-1.1
Hydrocortisone,0.38,5.7,neutral,1.5
Hydroflumethiazide,2.2,9.7,neutral,0.032
Hydromorphone,4.3,28,cationic,0.47
"Hydroxycamptothecin, 10-",0.22,2.23,neutral,1.4
Hydroxychloroquine,700,11,cationic,1.5
"Hydroxycotinine, 3'-",0.85,1.8,anionic,-2
"Hydroxydihydroquinidine, 3(S)-",6.8,12,cationic,1.4
"Hydroxyimipramine, 2-",6.6,9.2,cationic,2.2
Hydroxymidazolam,0.77,9.71,neutral,1.9
"hydroxypropyl cyclodextrin,?-",0.21,1.8,n/a,n/a
Hydroxysafflor yellow A,0.2,1,neutral,-0.51
"Hydroxystaurosporine, 7-",0.15,0.0037,cationic,-0.29
Hydroxyurea,0.52,1.5,neutral,-1.5
Hypericin,0.25,0.13,anionic,1.8
Ibandronic Acid (Ibandronate),0.55,1.8,anionic,-5.9
Ibrutinib,9.75,16.4,neutral,4
Ibuprofen,0.15,0.82,anionic,0.34
Ibutilide,12,26,cationic,2.4
Idarubicin,38,24,cationic,-1.5
Idazoxan,3.3,10,cationic,-2.5
Idrapril,1,6.3,anionic,-3.5
Idrocilamide,0.11,0.99,neutral,0.86
IDX899,0.56,1.71,neutral,2.9
IDX989,0.97,1.83,neutral,2.9
Ifenprodil,18.99,64.57,cationic,1.8
Ifetroban,4.4,6.4,anionic,1.2
Ifosfamide,0.62,1.1,neutral,0.88
Ilaprazole,0.19,0.73,anionic,1.9
Iloprost,0.37,16,anionic,0.96
Imatinib,3.9,3.3,cationic,3.3
Imidafenacin,1.51,6.1,neutral,1.7
Imipenem,0.24,3,zwitterionic,-3.1
Imipramine,12,13,cationic,2.7
Imipramine N-oxide,1.9,12,neutral,0.84
Incadronate (acid),0.24,2.16,anionic,-5.8
Indacaterol,19.4,4.48,cationic,0.27
Indinavir,0.82,18,neutral,2.9
Indisulam,0.68,0.72,neutral,1
Indocyanine Green,0.035,6.8,anionic,3.1
Indomethacin,0.096,1.3,anionic,0.59
Indoprofen,0.12,0.65,anionic,-0.59
Indoramin,4.9,20,cationic,3.3
INO-1001,1.9,7.9,neutral,-0.11
Inogatran,0.26,6.1,cationic,-3.4
Intoplicine,11,18,cationic,-1.2
Iodixanol,0.2,1.44,neutral,-3.9
Iododoxorubicin,53.6,140,cationic,-0.74
Iohexol,0.16,2,neutral,-2.8
Iomeprol,0.23,1.4,neutral,-2.1
Iopamidol,0.28,1.9,neutral,-2.3
Iopentol,0.2,1.27,neutral,-2.2
Iopromide,0.22,1.4,neutral,-2.2
Iothalamic acid (Iothalamate),0.17,2.4,anionic,-2
Iotrolan,0.23,1.49,neutral,-5.8
Ipratropium,5.1,31.4,neutral,-0.72
Irbesartan,0.94,2.3,anionic,1.1
Irinotecan,3.5,7,cationic,2.4
Irofulven,3.1,140,neutral,1.4
Isavuconazole,5.37,0.85,neutral,4
Isepamicin,0.32,1.3,cationic,-9
Isoglycirrhizinate (acid),0.09,0.05,anionic,-7.5
Isomazole,1.67,20.7,neutral,1
Isoniazide,0.82,7.4,neutral,-1
Isoproterenol,1.5,56,cationic,-0.8
Isosorbide Dinitrate,1.9,31,neutral,0.82
Isosorbide-2-Mononitrate,0.86,6.2,neutral,-0.38
Isosorbide-5-Mononitrate,0.7,2,neutral,-0.38
Isoxicam,0.19,0.07,anionic,-0.77
Isradipine,1.5,26,neutral,3
Itraconazole,7.4,5.1,neutral,5.8
Ivabradine,1.66,10.27,cationic,1.8
IVL745,0.25,11,anionic,-0.014
Ixabepilone,11,10,neutral,3.9
Ixazomib,3.61,0.5,neutral,2.2
Kahalide F,0.11,3.9,cationic,3.4
Kanamycin,0.26,1.4,cationic,-9
Ketamine,2.9,19,cationic,2.2
Ketanserin,3.9,6.7,cationic,2.8
Ketobemidone,0.48,9.2,cationic,0.0027
Ketoprofen,0.13,1.6,anionic,-0.072
Ketorolac,0.11,0.35,anionic,-0.76
KNI-272,0.11,10.5,neutral,1.9
KRN-5500,0.17,2.7,neutral,1.2
KRN8602,20.9,42.8,neutral,1.2
KW-2170,12,18,cationic,-3.6
KW-2478,1.32,6.87,neutral,1.6
L-5-hydroxytryptophan,0.8,1.72,zwitterionic,-1.6
L-648051,,17.44,anionic,0.13
L-692429,0.2,3.05,zwitterionic,1.8
"L-778,123",0.8,3.2,neutral,2.6
Labetalol,4.8,23,cationic,0.97
Lacosamide,0.58,0.57,neutral,-0.2
Ladirubicin,2.95,23.54,neutral,1.4
Lamifiban,0.29,1.9,zwitterionic,-0.3
Lamivudine,1.3,4.8,neutral,-1
Lanicemine,1.62,1.8,cationic,0.31
Laniquidar,6.03,14.14,cationic,6.8
Lanreotide,0.2,5.7,cationic,-2.3
Lansoprazole,0.28,4.4,neutral,2.4
Laromustine,0.88,23.1,neutral,-1.4
Laropiprant,1,1.21,anionic,1.2
Larotaxel,17,10.8,neutral,3.3
Latanoprost,,6.7,neutral,5.2
Lefamulin,1.32,3.96,cationic,0.75
Lenapenem,0.22,2.02,zwitterionic,-3.6
Lesinurad,0.29,1.43,anionic,-0.86
Letrozole,1.9,0.57,neutral,2.1
Leuprolide,0.38,2,cationic,-4.1
Levetiracetam,0.6,0.9,neutral,-0.48
Levobupivacaine,0.49,8.7,cationic,3.4
Levocabastine,1.17,0.43,zwitterionic,2
Levodopa,1.7,23,zwitterionic,-1.9
Levofloxacin,1.2,1.9,zwitterionic,-0.4
Levoleucovorin,0.27,4.1,anionic,-7.7
Levomepromazine,12,9.9,cationic,3.3
Levonorgestrel,1.5,1.8,neutral,3.5
Levoprotiline,18.8,14.6,cationic,0.98
Levorphanol,11.5,15.7,cationic,0.98
Levosimendan,0.24,3.8,anionic,0.87
Libenzapril,1.98,1.23,anionic,-2.4
Licarbazepine,0.72,0.88,neutral,1.9
Lidocaine,1.8,16,cationic,2
Linagliptin,16,1.9,cationic,1.5
Lincomycin,1,2.1,cationic,-0.75
Linezolid,0.58,1.8,neutral,1.1
"Lipoic acid, R(+)-?",0.1,11.5,anionic,0.038
"Lipoic acid, S(-)-?",0.11,13.4,anionic,0.038
Liraglutide,,0.01,anionic,-5.7
Lisdexamfetamine,0.6,17,cationic,-2.1
Lisinopril,0.89,1.2,anionic,-3
Lisuride,1.73,13.3,neutral,2.8
Lomefloxacin,2.04,3.98,zwitterionic,-0.34
Lomeguatrib,,21.55,neutral,2.2
Lomitapide,16.3,8.7,cationic,7.5
Lorazepam,1.3,1,neutral,2.9
Lorcainide,6.6,16,cationic,3
Lormetazepam,1.6,4,neutral,2.8
Losartan,0.37,8.2,anionic,0.7
Losmapimod,1.67,3.77,neutral,4.2
Lovastatin (acid),0.87,7.2,anionic,1.4
Loxiglumide,0.24,1,anionic,1
Lubeluzole,2.6,1.7,cationic,4.4
Lurbinectedin,7.3,2.76,cationic,1.8
Lurtotecan,4.77,25.07,cationic,-0.084
LY2090314,1.2,10.3,neutral,3.5
LY2140023,0.44,9.73,anionic,-7.6
LY404039,0.21,2.4,anionic,-8.1
Mannitol,0.24,1.2,neutral,-3.6
Maprotiline,45,14,cationic,1.7
Maraviroc,2.3,9.4,cationic,3.1
Maxipost,10,15,anionic,2.5
Mazapertine,1.54,6.17,neutral,4
MDAM,0.7,3.08,anionic,-6
ME-344,1.2,8.42,neutral,4.2
Mebendazole,1.2,15,neutral,-0.42
Medifoxamine,2.8,13.7,neutral,2.8
Medroxalol,7.9,16,cationic,0.84
Melagatran,0.23,1.9,cationic,-2.6
Melatonin,1.1,16.5,neutral,1.4
Meloxicam,0.15,0.12,anionic,-0.7
Melperone,14,46,cationic,1.7
Melphalan,0.48,7,zwitterionic,0.36
MEN-10755 ,2.4,2.5,cationic,-2.2
Menogaril,9.14,11.61,zwitterionic,-1.2
Meperidine,2.3,4.9,cationic,1.8
Mepindolol,2.17,5.83,cationic,0.37
Mepivacaine,0.95,6.8,cationic,2
Meprobamate,0.7,0.6,neutral,0.91
Meptazinol,3.3,28,cationic,1.5
"Mercaptopurine, 6-",1,15,neutral,-2
Meropenem,0.3,3.9,zwitterionic,-3.5
Mesna,0.65,20.5,anionic,-4.2
Metadoxine,0.66,7.9,neutral,-0.57
Metaproterenol,6.03,14.07,cationic,-0.66
Metazosin,0.44,0.53,neutral,0.99
Metergoline,0.57,9.6,cationic,3.4
Metformin,0.64,7.4,cationic,-5.5
Methadone,4.4,1.7,cationic,2.5
Methamphetamine,4.3,4.4,cationic,-0.2
Methicillin,0.32,6.6,anionic,-1.6
Methimazole,0.86,3.7,neutral,-0.12
Methohexital,1.1,12,neutral,1.7
Methotrexate,0.43,2.1,anionic,-6.4
"Methoxypsoralen,8-",0.61,12,neutral,2.1
Methyldopa,0.69,3.5,zwitterionic,-2.1
Methylergometrine,0.96,7.18,neutral,1.6
Methylnaltrexone,2.6,22,neutral,-1.4
"Methylnortestosterone, 7?-, 19-",0.8,20,neutral,3.5
Methylphenidate,2.2,9.42,cationic,0.84
Methylprednisolone,1.2,6.1,neutral,2
"Methylthiomethylpaclitaxel, 7-",11,6.4,neutral,4.1
Metoclopramide,3.2,5.7,cationic,0.37
Metocurine,0.4,1.2,neutral,2.3
Metolazone,1.6,1.4,neutral,3.5
Metopimazine,,12.14,cationic,0.91
Metoprolol,3.1,13,cationic,0.064
Metrizoate,0.17,2.7,anionic,-1.9
Metronidazole,0.4,0.85,neutral,-0.44
Mexiletine,5.9,8.3,cationic,0.55
Mezlocillin,0.09,2.1,anionic,-2.3
Mianserin,13.75,21.9,cationic,2.3
Mibefradil,3.1,4,cationic,3.8
Mibenratide,0.38,68.11,anionic,-9
Micafungin,0.21,0.17,neutral,-7.4
Miconazole,7.14,9.48,neutral,5.8
Micronomicin,0.15,1.1,cationic,-6.9
Midazolam,1.1,5.3,neutral,3.1
Midodrine,0.67,27.9,cationic,-2.2
Mifamurtide,5.8,48.7,anionic,1.4
Mifepristone,0.45,0.5,neutral,4.8
Miglitol,0.28,1.7,neutral,-3.3
Mildronate,0.7,2.8,zwitterionic,-8.9
Milnacipran,4.51,8.17,cationic,-1.8
Milrinone,0.25,6.2,anionic,-0.57
Minocycline,1.6,1.2,zwitterionic,-1.9
Minoxidil,0.9,11.5,neutral,0.9
Mipomersen,0.1,0.67,n/a,n/a
Mirabegron,23.8,13.6,cationic,0.34
Mirtazapine,4.2,8,cationic,1.1
Mitonafide,11.3,34.6,neutral,2.1
Mitoxantrone,12,7.9,cationic,-3.2
Mivacurium (cis/cis),0.27,5.2,neutral,2.3
Mizolastine,0.38,1.03,neutral,3.5
Moclobemide,1.1,10,neutral,1.3
Moexipril ,,6.3,anionic,-0.37
Molsidomine,1.4,11,neutral,-2.3
Mometasone Furoate,2.2,12.7,neutral,4.5
Montelukast,0.15,0.68,anionic,4.8
Morinidazole,0.75,1.6,neutral,-0.88
Morphine,2.3,26,cationic,0.093
Morphine-6-Glucuronide,0.12,2.2,zwitterionic,-2.4
Moxalactam,0.17,0.72,anionic,-4.2
Moxifloxacin,1.4,2.4,zwitterionic,-0.36
Moxonidine,1.8,11,cationic,0.13
Mycophenolic acid,0.77,2.33,anionic,0.58
Nadolol,1.9,2.9,cationic,-0.79
Nafamostat,5.71,81.96,cationic,-3.2
Nafarelin,0.14,0.72,cationic,-4.4
Nafcillin,0.22,3.3,anionic,0.18
Naftopidil,,11,cationic,2.5
Nalbuphine,4.6,22,cationic,1.2
Nalmefene,8.2,15,cationic,2
Naloxone,1.7,23,neutral,0.89
Naltrexone,7.6,57,neutral,1
Naphtidrofuryl oxalate,0.98,10.8,cationic,3.6
Naproxen,0.09,0.07,anionic,0.023
Napsagatran,0.36,6.4,zwitterionic,-1.6
Naratriptan,2.4,6.6,cationic,0.43
Nateglinide,0.15,1.8,anionic,0.67
NBI-1,1.83,5.31,cationic,1.9
NBI-2,1.11,2.33,cationic,1.3
NBI-3,1.86,3.4,cationic,1.4
NBI-4,5.73,10.4,cationic,2
Nebivolol,11,14,cationic,3.3
Nedaplatin,0.67,4.05,n/a,n/a
Nedocromil,0.43,10.2,anionic,-3.1
Nefazodone,0.51,7.5,neutral,4.3
Nefopam,5.6,12,cationic,2.4
Nelarabine,4.9,81,neutral,-1.9
Nemonoxacin,1.9,3.8,zwitterionic,0.077
Nemorubicin,49,15.32,neutral,0.59
Neostigmine,0.74,9.2,neutral,-3.1
Nesiritide,0.19,9.2,cationic,-9
Netilmicin,0.073,0.55,cationic,-7.5
Netupitant,5.54,2.83,cationic,5.3
Nevirapine,1.3,0.3,neutral,1.1
Nicainoprol,0.67,3.6,cationic,-0.35
Nicardipine,1,11,neutral,3.7
Nicorandil,1.4,8.9,neutral,0.53
Nicotine,2.6,18,cationic,-0.46
Nifedipine,0.79,7.3,neutral,2.4
Nifekalant,1.96,20.89,cationic,0.5
Nimodipine,1.1,15,neutral,3.2
Nintedanib,15,19.9,cationic,3.4
Nisoldipine,5.5,15,neutral,3.7
Nitrazepam,1.7,0.86,neutral,2.1
Nitrendipine,6.1,25,neutral,3
Nitrofurantoin,0.57,9.7,anionic,-0.98
Nitroglycerin,,194.3,neutral,1.7
Nizatidine,1,9.8,neutral,-0.24
NK 611,0.3,0.4,neutral,0.21
Nocloprost,0.16,13.2,anionic,2.6
Nomifensine,6,22,cationic,0.87
Norfloxacine,1.88,6.96,zwitterionic,-0.72
Nortilidine,2.5,9.9,cationic,1.9
Nortriptyline,22,10,cationic,1.9
Noscapine,2.3,16.88,neutral,2.4
Octreotide,0.19,2.38,cationic,-3.4
Odanacatib,1.63,0.19,neutral,3.7
Ofloxacin,1.6,2.5,zwitterionic,-0.4
OGT719,0.33,1.38,neutral,-6.6
Olcegepant,0.31,2.6,cationic,2.2
Oleandomycin,0.77,9.1,cationic,0.7
Oliceridine,0.78,6.89,cationic,2.5
Olmesartan,,0.29,anionic,-0.93
Olodaterol,15.85,12.45,cationic,0.98
Olprinone,0.64,11,neutral,-2.9
Olsalazine,0.07,1.2,anionic,-3.6
Omadacycline,2.7,2.34,zwitterionic,-2.1
Ombitasvir,2.32,1.68,neutral,7.8
Ombrabulin,0.44,22.6,neutral,0.91
Omeprazole,0.24,8.4,neutral,2.2
Ondansetron,1.8,5.8,cationic,1
ONO-4232,0.48,15.79,anionic,-0.44
OR-1896,2.38,0.45,neutral,0.71
Org 28611,1,3,cationic,2.3
Oritavancin,0.3,0.07,cationic,-0.82
Ornidazole,1.16,1.08,neutral,0.22
Ortataxel,13.83,8.12,neutral,3.6
Oseltamivir acid,0.37,4.8,zwitterionic,-1.7
Otamixaban,0.89,7.38,cationic,-0.91
Oxacillin,0.19,6.3,anionic,-1.2
Oxaliplatin,0.5,0.1,n/a,n/a
Oxazepam,0.59,1.1,neutral,2.3
Oxiracetam,0.55,1.8,neutral,-2.5
Oxprenolol,0.72,7.7,cationic,0.24
Oxybutynin,0.85,5.1,cationic,3.9
Oxycodone,2.5,6.1,cationic,0.17
Oxymatrine,0.61,7.66,neutral,0.87
Oxytetracycline,1.7,2,zwitterionic,-4.3
Paclitaxel,3,6.4,neutral,2.9
Paeoniflorin,0.22,2.05,neutral,-1.2
Paliperidone,,1.18,cationic,0.94
Palonosetron,6.3,2.6,cationic,1.9
Pamidronic acid (Pamidronate),1.8,2.5,anionic,-8.8
Pancopride,3.9,5.2,cationic,0.83
Pancuronium,0.2,1.5,neutral,-0.36
Panipenem,0.19,2.6,zwitterionic,-2.1
Panobinostat,,10.2,cationic,0.73
Pantoprazole,0.17,2.2,neutral,1.6
Papaverine,1,11,neutral,3.5
Paricalcitol,0.41,0.89,neutral,6.4
Paritaprevir,1.37,5.74,anionic,2.3
Paroxetine,18,18,cationic,1.5
Patupilone,14.4,2.17,neutral,3.8
Pazopanib,0.16,0.06,neutral,4
Pazufloxacin,0.68,4.87,zwitterionic,-0.87
Pefloxacin,1.5,2,zwitterionic,0.041
Peldesine,1.2,6.2,neutral,-0.38
Pelrinone,0.39,5.8,neutral,-0.8
Pemetrexed,0.15,1.3,anionic,-5.6
Penciclovir,1.1,8.4,neutral,-1.6
Penclomedine,9.1,29.9,neutral,4.4
Penehyclidine,2.12,1.99,cationic,1.4
"Penicillamine, D-",1.26,10.65,zwitterionic,-1.8
Penicillin G,0.24,6.9,anionic,-1.3
Pentamidine,53,74,cationic,-1.2
Pentazocine,3.4,23,cationic,2.8
Pentobarbital,0.91,0.47,neutral,1.9
Pentostatin,0.59,1.63,neutral,-2.7
Pentoxifylline,1.8,39,neutral,0.65
Perampanel,1.36,0.1,neutral,3.1
Perflutren,1.6,590.71,neutral,2.5
Perindoprilat,0.76,1.7,anionic,-3.2
Perphenazine,18,27,cationic,3.5
Pevonedistat,3.02,8.1,neutral,2.5
PF-05212384 ,2.39,2.25,cationic,2.3
PF-4776548,5.7,24,anionic,1
Phenacetin,1.4,21,neutral,1.7
Phenazepam,0.089,0.05,neutral,3.8
Phencyclidine,6.9,5.1,cationic,3.7
Phenethicillin,0.3,4.2,anionic,-1.1
Phenobarbital,0.54,0.063,neutral,1.1
Phenoperidine,5.7,22,cationic,3.6
Phenoxodiol,1.55,59.1,neutral,1.8
Phenoxymethylpenicillin,0.41,6.8,anionic,-1.4
Phenprocoumon,0.2,0.02,anionic,1.2
Phentolamine,,42,cationic,2.5
Phenytoin,0.43,0.37,neutral,1.6
Phylloquinone,0.32,1.6,neutral,9
Physostigmine,3.9,72,cationic,0.79
Picumast,1.3,1.3,cationic,3.9
Pidotimod,0.31,1.16,anionic,-4.6
Pimasertib,1.8,8.71,neutral,2
Pimobendan,2,14,neutral,3.1
Pinacidil,1.1,5.68,neutral,1.4
Pindolol,1.2,7.7,cationic,0.05
Pinocembrin,0.8,27,neutral,2.3
Pipecuronium,0.35,3,neutral,-2.1
Pipemidic acid,0.88,2.84,zwitterionic,-1.9
Piperacillin,0.27,4,anionic,-2.5
Piperphentonamine,2.13,713,cationic,2.4
Pirarubicin,43.2,57.7,zwitterionic,1.3
Pirenzepine,1.71,2.77,cationic,0.93
Piretanide,0.17,3.1,anionic,0.078
Piritramide,4.7,7.8,cationic,3.2
Pirmenol,1.4,1.8,cationic,2.1
Piroximone,0.65,9.03,neutral,0.041
Pitavastatin,0.9,5.85,anionic,0.54
Pixantrone,10.1,17.7,cationic,-2.4
PK11195,1.7,5.9,neutral,5.4
Plazomicin,0.22,1.14,cationic,-9
Plinabulin,3,7.4,anionic,-2.8
Plitidepsin,6.95,8.05,neutral,3.3
PNU-145156E,0.27,0.0047,neutral,-9
Ponesimod,2.28,0.9,cationic,4
Posaconazole,3.8,4.3,neutral,4.6
PR-104,0.86,44.8,anionic,-4.6
Practolol,,2.28,cationic,-0.84
Pralatrexate (R),0.53,2.7,anionic,-6
Pralatrexate (S),1.5,6,anionic,-6
Pralidoxime,0.8,9,neutral,-3.4
Pramipexole,7,7.2,cationic,-0.51
Pramlintide,0.41,15.3,cationic,-9
Pravastatin ,0.46,14,anionic,-0.54
Prazosin,0.73,4.7,neutral,1.5
Prednisolone,0.86,2.9,neutral,1.6
Prednisone,0.57,2.5,neutral,1.4
Prenalterol,4.28,22.1,cationic,-0.55
Prexasertib,22.75,34,cationic,-0.99
Prifinium bromide,1.87,12.5,neutral,2.3
Prilocaine,3.7,29,cationic,1.2
Primaquine,4,5.8,cationic,-0.07
Probenecid,0.13,0.25,anionic,-0.017
Procainamide,2.2,10,cationic,-0.39
Prochlorperazine,22,16,cationic,3.7
Procyclidine,0.74,0.86,cationic,2.2
Promazine,8.1,14,cationic,2.8
Promethazine,14,14,cationic,2.4
Propafenone,2.2,16,cationic,1.5
Propionyl-L-carnitine,0.3,2.33,anionic,-3.1
Propiverine,2.73,2.94,cationic,3.1
Propofol,4.7,36,neutral,4.2
Propoxyphene,12,15,cationic,3.3
Propranolol,3.1,12,cationic,0.93
Propylthiouracil,0.34,3.1,neutral,1.2
Proquazone,0.52,9.45,neutral,3.8
Proxyphyllin,0.59,1.17,neutral,-0.044
Prucalopride,8.73,4.55,cationic,1.3
Pseudohypericin,0.56,0.62,anionic,0.59
"Pyrazine, 2-diazohydroxide",0.31,15.13,neutral,0.22
Pyridostigmine,1.1,9.6,neutral,-3.7
Pyrimethamine,0.43,0.052,neutral,2.7
Quercetin,0.12,11,anionic,-0.38
Quinacrine,45,5.1,cationic,2.8
Quinaprilat,0.13,0.93,anionic,-2.4
Quinidine,2.9,4,cationic,2.1
Quinine,1.8,1.9,cationic,2.1
Quinupristin,0.67,16,zwitterionic,0.59
R 82913,21.98,10.41,neutral,1.7
Rabeprazole,0.22,4,neutral,2.1
Raclopride,1.1,1.2,zwitterionic,2.1
Raloxifene,7.5,10.8,cationic,4.3
Raltitrexed,6.57,0.9,anionic,-3.4
Ramelteon,1.05,13.1,neutral,2.7
Ranitidine,1.2,9.6,cationic,-0.71
Ranolazine,1.2,9.5,neutral,2.2
Reboxetine,0.65,0.82,cationic,1.5
Recainam,1.4,4.5,cationic,0.31
Regadenoson,0.94,7.3,neutral,-2.5
Remifentanil,0.4,37,neutral,2.1
Remikiren,0.77,11.6,neutral,2
Remimazolam,0.44,15.02,cationic,2
Remoxipride,0.65,1.7,cationic,0.86
Repaglinide,0.35,7.8,anionic,2.4
Repinotan,0.21,2.2,cationic,3.5
RGB-286638,5.9,11.5,cationic,0.41
Ribavirin,14,5.2,neutral,-2.8
Ribostamycin,0.25,1.5,cationic,-8.7
Ridogrel,0.43,1.05,anionic,0.95
Rifabutin,9.3,2.4,zwitterionic,3.7
Rifampin,0.97,3.5,anionic,1.7
Rigosertib,0.11,1.51,anionic,0.36
Rilmenidine,4.5,7.1,cationic,-2.2
Riluzole,3.5,11.3,neutral,3.1
Rimiducid,0.82,6.61,neutral,9
Riociguat,0.44,0.74,neutral,2.3
Risedronic acid (Risedronate),6.3,1.5,anionic,-7
Risperidone,1.1,5.4,cationic,2.6
Ritanserin,1.41,0.51,cationic,4.9
Ritipenem ,0.24,7.55,anionic,-5.6
Ritodrine,4.4,31,cationic,0.37
Rivaroxaban,0.7,2.4,neutral,2.6
Rivastigmine,1.3,12,cationic,1.9
Rizatriptan,1.9,16,cationic,0.41
Ro 02-70608,0.3,3.7,anionic,1.5
Ro25-6833,0.11,0.38,anionic,-2.6
Rocuronium,0.21,3.7,cationic,-0.28
Rofecoxib,1.3,2,neutral,-0.29
Roflumilast,1.92,2.2,neutral,3.5
Rolapitant,,0.38,cationic,3.8
Rolipram,0.67,6.3,neutral,2.1
Rolitetracycline,0.54,0.97,cationic,-4.1
Rolofylline,4.3,5,neutral,3.2
Romidepsin,1.2,7.4,neutral,-0.14
Ropinirole,7.7,30,cationic,1.1
Ropivacaine,0.75,5.5,cationic,2.9
Roquinimex,0.21,0.082,anionic,-0.95
Rosaramicin,2.83,13.3,cationic,1.2
Rosiglitazone,0.2,0.65,anionic,0.25
Rosuvastatin,1.7,11,anionic,-1.3
Rotigotine,5.7,37,cationic,3.4
RSD921,1.1,3,cationic,3.2
Rucaparib,3.28,4.31,cationic,0.21
S 12363,4.67,3.5,cationic,3.9
S-0139,1.45,7.6,anionic,1.7
Sabeluzole,5.5,4.05,cationic,4.2
Safinamide,2.19,1.17,cationic,1.1
Salvianolic acid B,0.14,7.17,anionic,-3.1
Sameridine,,24,cationic,2.5
Saquinavir,3.6,13,neutral,3.3
SAR 125844,4.1,8.34,neutral,3.4
SarCNU,0.76,9,neutral,-0.4
Sardomozide,20,3.2,cationic,-5
Satavaptan,7,12.3,neutral,3.2
Saxagliptin,1.8,7.1,neutral,0.077
Sch34343,0.3,7.5,anionic,-4.6
Scopolamine,3.1,16,cationic,0.66
Scutellarin,0.88,46.58,anionic,-4.5
Secretin (human),0.16,6.73,cationic,-9
Secretin (porcine),0.03,5.95,zwitterionic,-9
Selegiline,1.9,20,cationic,2.3
Sematilide,0.82,3.7,zwitterionic,-1.6
Semaxanib,0.98,14,neutral,2.2
Seraspenide,,18.7,anionic,-8.6
Sermorelin,0.34,39.3,cationic,-9
Silatecan,0.47,6,neutral,4.8
Sildenafil,1.36,9,cationic,1.1
Silodosin,,2.8,cationic,2.3
Sinitrodil,0.68,29.59,neutral,1.8
Sipatrigine,15.31,20.9,cationic,3.6
Sisomicin,0.19,1,cationic,-8.4
Sitafloxacin,1.5,3.7,zwitterionic,0.26
Sitagliptin,2.8,6,cationic,-0.4
"Sitosterol, ?-",0.3,0.02,neutral,9
SK-896,0.07,8.08,cationic,-9
SNS-032,5.14,13,cationic,0.64
Soblidotin,0.42,1.6,neutral,3.8
Sobrerol,0.43,2.7,neutral,1.3
Solifenacin,8.2,2.1,cationic,3.3
Sotalol,1.3,2,cationic,-1.4
Sparfloxacin,3.9,2.7,zwitterionic,-0.36
Sparfosic acid,0.33,1.22,anionic,-9
Spectinomycin,0.13,0.99,cationic,-5.3
Spiramycin,5.4,12.8,cationic,0.92
Spirapril,0.43,11.9,anionic,-0.81
Spisulosine,30.7,57.6,cationic,4.3
Squalamine,0.23,1.2,cationic,0.76
SR 271425,1.01,3.1,cationic,2.4
SR 4554,0.69,3,neutral,-0.68
Stavudine,0.67,8.2,neutral,-0.71
Streptomycin,0.34,0.78,cationic,-9
Stresscopin,2.5,14.2,cationic,-9
Sufentanil,9.4,15,cationic,2.9
Sugammadex,0.18,1.28,anionic,-9
Sulbactam,0.32,5.1,anionic,-3.7
Sulbenicillin,0.15,1.6,anionic,-4.7
Sulfadiazine,0.29,0.55,anionic,-0.75
Sulfamethoxazole,0.3,0.36,anionic,-0.56
Sulfasalazine,0.11,0.26,anionic,0.17
Sulfinpyrazone,0.12,0.34,anionic,-1.2
Sulfisoxazole,0.17,0.3,anionic,-1.6
Sulmazole,0.62,10,neutral,1.3
Sulpiride,0.94,1.9,cationic,-0.75
Sumatriptan,1.7,19,cationic,0.3
Suprofen,0.04,0.76,anionic,-0.31
Suramin,0.54,0.0057,neutral,-9
Susalimod,0.1,0.07,anionic,0.52
Suvorexant,0.69,0.84,neutral,5.9
Tacrine,11,56,cationic,0.83
Tacrolimus,1.2,0.7,neutral,4
Talinolol,3.3,4.9,cationic,1.4
Tamsulosin,0.21,0.62,cationic,1.6
Tanespimycin,2,10.18,neutral,2.9
Tanshinol,0.38,17.75,anionic,-3
Tapentadol,4.64,21.33,cationic,1.8
Tariquidar,6.4,2.8,cationic,4.5
TAS-106,1.1,1.6,neutral,-3.2
Tasidotin,0.33,9.6,neutral,3.4
Tasimelteon,0.33,9.04,neutral,2.1
Tazarotene,3.55,37.2,neutral,5.3
Tazobactam,0.26,4.81,anionic,-5.2
Tebufelone,12,8.9,neutral,5.4
Tedizolid,0.91,1.19,neutral,2
Tegafur,0.62,0.95,neutral,-3.4
Tegaserod,5.3,18,cationic,0.86
Teicoplanin A2-1,0.92,0.32,anionic,-2.2
Teicoplanin A2-2,0.83,0.25,anionic,-1.8
Teicoplanin A2-3,0.57,0.18,anionic,-1.7
Teicoplanin A2-4,0.57,0.15,anionic,-1.3
Teicoplanin A2-5,0.42,0.09,anionic,-1.3
Telavancin,0.11,0.2,anionic,0.08
Telcagepant,0.86,5.8,neutral,-0.022
Telithromycin,3,14,cationic,2.4
Telmisartan,5.3,8.4,anionic,4.7
Temocillin,0.11,0.34,anionic,-5.7
Temoporfin,,0.06,neutral,5
Temozolomide,0.5,3.6,neutral,-1.1
Temsirolimus,3,7.7,neutral,5.6
Tenidap,0.11,0.058,anionic,0.95
Tenifatecan,0.15,0.81,neutral,9
Teniposide,0.41,0.19,neutral,0.15
Tenofovir,0.83,3.1,anionic,-6.4
Tenoxicam,0.19,0.03,anionic,-0.92
Terazosin,0.98,1.1,neutral,1.9
Terbutaline,1.5,3.4,cationic,-0.41
Teriflunomide,0.16,0.007,anionic,2.4
Teriparatide,0.17,21.4,cationic,-9
Terlipressin,0.24,8.2,cationic,-9
Terodiline,5.1,1.1,cationic,2.1
Tesaglitazar,0.13,0.039,anionic,-0.53
Testosterone,0.35,24.5,neutral,3.3
Tetracycline,1.2,1.5,anionic,-3.4
"Tetrahydrocannabinol, D9-",8.9,3.2,neutral,7
"Tetrahydrocannabinol,11-Nor-9-carboxy-D9-",1.28,1.2,anionic,3.5
Tezosentan,0.28,8.1,anionic,-1.6
TH-302,0.64,14.8,neutral,0.35
Thalidomide,0.95,3.4,neutral,0.58
Theophylline,0.51,0.86,neutral,-0.22
Thiamphenicol glycinate,0.13,9.6,cationic,-1.8
Thioguanine,2.89,15.4,anionic,-4.7
Thionylan (Methapyrilene),3.3,28,cationic,1.6
Thiopental,1.2,8.2,anionic,2.5
Thiotepa,1.6,6.7,neutral,0.53
Tiagabine,1.1,1.6,zwitterionic,2.4
Tianeptine,0.3,2.8,anionic,1.6
Tiapride,1.1,4.7,cationic,-0.86
Tiaprofenic acid,0.08,0.62,anionic,-0.53
Tiazofurin,1.1,2.4,neutral,-1.8
Ticagrelor,1.25,3.38,anionic,-1.2
Ticarcillin,0.16,1.8,anionic,-5.7
Tigecycline,12,3.8,cationic,-2.9
Tilidine,4,16,cationic,3.4
Tiludronate,0.23,0.4,anionic,-4.4
Timolol,1.5,8.5,cationic,-0.34
Tinidazole,0.59,0.6,neutral,-0.48
Tiopronin,1.39,1.48,anionic,-3.6
Tiotropium,32,12.6,neutral,-2.3
Tipifarnib,0.93,5.03,neutral,4.1
Tirapazamine,0.56,8.9,neutral,-1.7
Tirilazad,9.8,7,cationic,6.1
Tirofiban,0.34,3,zwitterionic,1.6
Tizanidine,2.4,11,cationic,-0.26
TLK286,0.46,28.5,anionic,-5.9
Toborinone,1.6,8.9,cationic,-0.85
Tobramycin,0.23,1.6,cationic,-8.5
Tocainide,1.8,2.2,cationic,0.27
Tofacitinib,1.24,5.88,neutral,1.5
Tofogliflozin,0.63,2.07,neutral,1.6
Tolamolol,4,14,cationic,0.63
Tolbutamide,0.12,0.21,anionic,0.17
Tolcapone,0.12,1.9,anionic,0.84
Tolfenamic acid,0.16,2.37,anionic,2
Toloxatone,1.5,11,neutral,1.9
Tolterodine,1.5,8.4,cationic,3.6
Tolvaptan,0.5,2.4,neutral,5.2
Tomopenem,0.23,1.9,zwitterionic,-4.7
Tonapofylline,0.76,1.08,anionic,0.73
Topiramate,0.8,0.27,neutral,0.44
Topixantrone,57,27,cationic,-1.4
Topotecan,1.8,13,cationic,-1.5
Torsemide,0.21,0.53,anionic,0.095
Toxogonin,0.17,1.9,neutral,-9
Tozasertib,5.1,18.4,cationic,3.5
Trabectedin,25,12,cationic,1.2
Tramadol,2.8,6.5,cationic,0.99
Trametinib,13.94,0.8,neutral,4.6
Trandolapril,0.25,12.5,anionic,-0.16
Tranexamic acid,0.38,2.4,zwitterionic,-1.9
Traxoprodil,4.4,27,cationic,1
Trazodone,0.52,1.4,neutral,4.3
Treosulfan,0.59,4.9,neutral,-3
Treprostinil,0.23,10.7,anionic,1.4
Triamcinolone Acetonide,1.4,9.4,neutral,2.3
Triamterene,13,63,neutral,1.1
Triapine,0.41,2.65,neutral,0.041
Triazolam,0.58,3,neutral,2.6
Trimazosin,0.18,0.96,neutral,1.6
Trimethoprim,1.5,2.1,neutral,0.94
Trimetrexate,0.77,0.77,neutral,2.3
Trimipramine,16,16,cationic,3.1
Triptorelin,0.4,2.67,cationic,-5.5
Tropatepine,11.85,4.98,cationic,3.9
Tropisetron,9.7,26,cationic,1.8
Trospectomycin,0.7,1.7,cationic,-3.8
Trospium,5.1,13.9,neutral,0.83
Trovafloxacin,1.3,1.4,zwitterionic,0.28
Troxacitabine,1,2.4,neutral,-1.9
Tubocurarine,0.45,3.4,cationic,3.9
TZP 101,0.1,0.1,cationic,3.7
"UK-240,455",0.8,6,neutral,-0.43
Umeclidinium,1.23,35.95,neutral,1.6
Urapidil,0.75,3.1,cationic,1.1
Ursolic acid,0.54,3.87,anionic,4.8
Vaborbactam,0.29,2.94,anionic,-2.1
Valbenazine,1.31,1.71,cationic,2.5
Valdecoxib,0.75,1.4,neutral,2.5
Valproic Acid,0.14,0.16,anionic,0.25
Valsartan,0.22,0.49,anionic,-0.22
Valspodar,1.8,2.6,neutral,6.8
Vancomycin,0.54,1.3,cationic,-2.6
Vardenafil,3,13,cationic,0.56
Vecuronium Bromide,0.3,4.5,cationic,1.6
Velcalcetide,1.98,1.67,cationic,-9
Venlafaxine,4.4,14,cationic,1.4
Verapamil,3.7,18,cationic,2.9
Verlukast,0.11,0.68,anionic,1.6
Vernakalant,1.8,8.29,cationic,1.6
Verteporfin-Mac,0.63,1.6,cationic,-0.66
Verteporfin-Mad,0.51,1.73,zwitterionic,-3.5
Vestipitant,3.8,5.09,cationic,4.3
Vilanterol,2.38,25.7,cationic,2
Vilazodone,4.85,3.76,cationic,3
Vildagliptin,1.03,9.9,cationic,-1.5
Viloxazine,0.73,2.1,cationic,0.23
Vinblastine,28,3.1,neutral,3.6
Vincristine,2.4,2,neutral,2.7
Vindesine,5,2.2,cationic,1.5
Vinorelbine,23,20,neutral,3.9
Vinpocetine,2.08,6.1,neutral,4.1
Viqualine,24.4,26,cationic,2
Vismodegib,0.23,0.01,neutral,3.9
Volasertib,80.5,11.6,cationic,4.2
Vorapaxar,3.74,0.34,neutral,5.1
Voriconazole,2.2,8.3,neutral,1.5
Vorinostat,0.5,28,neutral,1.6
Vortioxetine,35.3,5.8,cationic,3.1
Vosaroxin,1.46,0.79,zwitterionic,-0.23
Warfarin,0.13,0.055,anionic,0.2
WCK771,0.25,0.54,anionic,1.6
Xamoterol,0.64,3,cationic,-1.1
XG-102,0.22,3.62,cationic,-9
XK469R,0.19,0.05,anionic,0.79
XR5000,3.41,16.31,cationic,1.5
Xylose_D,0.23,2.38,neutral,-2.5
Y 20811,0.37,2.91,anionic,1.2
YM 060,2.65,7.03,cationic,0.85
YM155,23.7,11.3,neutral,-1.2
Yohimbine,0.48,14.6,neutral,2.1
Zalcitabine,0.54,5.6,neutral,-0.96
Zaleplon,1.3,16,neutral,1.8
Zalypsis,12.6,12,cationic,3
Zanamivir,0.23,1.6,zwitterionic,-6.1
Zatebradine,1.6,8.4,cationic,1.6
ZD-9331,0.53,0.29,zwitterionic,-2.6
Ziconotide,0.43,4.05,cationic,-9
Zidovudine,1.8,25,neutral,-0.32
Zimelidine,6.8,13.8,cationic,2.3
Ziprasidone,1,5.1,neutral,3.5
Ziracin,0.39,0.61,anionic,-0.36
Zoledronic Acid,0.6,2.2,anionic,-9
Zolmitriptan,1.8,6.7,cationic,0.24
Zolpidem,0.54,4.3,neutral,3
Zonampanel,0.19,5.3,anionic,-3.8
Zoniporide,1.7,21,neutral,1
Zopiclone,1.3,3.3,cationic,0.045
Zoptarelin doxorubicin,,22,cationic,-6.3
Zotarolimus,1.3,0.67,neutral,5.4
